234971290,唱歌男,嶺東科大,ltu
234970922,嶺東渣,嶺東科大,ltu
234969113,求租 親家VIP,嶺東科大,ltu
234965498,想認識學姊 該怎麼辦,嶺東科大,ltu
234964654,勞作教育工讀生,嶺東科大,ltu
234962786,使用者付費這個道理不懂？,嶺東科大,ltu
234962644,套房轉租 獨洗獨曬 有陽台,嶺東科大,ltu
234962539,騎士咖啡,嶺東科大,ltu
234962389,誰的icash2.0丟了呢,嶺東科大,ltu
234961277,學貸的事,嶺東科大,ltu
234961244,認識紅光靜宜幫轉,嶺東科大,ltu
234960645,二校 哈士奇,嶺東科大,ltu
234959028,問親家學園小套房轉租,嶺東科大,ltu
234958404,親家網路,嶺東科大,ltu
234957442,有興趣一起解鎖人生成就嗎？,嶺東科大,ltu
234956604,小心有貓咪滲入,嶺東科大,ltu
234955402,家庭式分租 招室友,嶺東科大,ltu
234954272,有關“食物相剋”的問卷,嶺東科大,ltu
234953825,感冒打噴嚏戴口罩很難嗎？,嶺東科大,ltu
234953677,誰掉的戒指,嶺東科大,ltu
234953494,請保持桌椅乾淨,嶺東科大,ltu
234952932,學生證畢業會收走嗎,嶺東科大,ltu
234952843,嶺東附近酒吧,嶺東科大,ltu
234952065,舊太子噪音,嶺東科大,ltu
234950890,11/20 Csept 成績,嶺東科大,ltu
234949852,麻煩你們動動手指幫我填一下問卷 耽誤你們3-5分鐘就好 謝謝各位帥哥美女😭,嶺東科大,ltu
234949169,鑰匙,嶺東科大,ltu
234949044,圖書館雜誌,嶺東科大,ltu
234949004,求聖誕市集最靠近門口攤販男生IG,嶺東科大,ltu
234948001,想認識夜企管2B的男生,嶺東科大,ltu
234947690,謝謝好心人🥺🥺🥺,嶺東科大,ltu
234947211,二校停車場 車子被外送員撞,嶺東科大,ltu
234946931,鬆餅,嶺東科大,ltu
234946684,很好笑是不是？,嶺東科大,ltu
234943978,瘋子,嶺東科大,ltu
234941861,鑰匙不見了啦,嶺東科大,ltu
234939838,轉部,嶺東科大,ltu
234939718,每次都自成一格的學長🙃,嶺東科大,ltu
234939542,誰的筆記本,嶺東科大,ltu
234938592,二校宿舍很誇張,嶺東科大,ltu
234936840,親家門口,嶺東科大,ltu
234936780,專題製作,嶺東科大,ltu
234936562,學生證遺失,嶺東科大,ltu
234936216,畢業專題問卷～,嶺東科大,ltu
234936110,家庭式分租 急 招室友,嶺東科大,ltu
234935165,很搞剛的車主🙂,嶺東科大,ltu
234934386,演唱會,嶺東科大,ltu
234934010,畢業專題問卷！,嶺東科大,ltu
234933902,哪位猴子撞人家車烙跑,嶺東科大,ltu
234932871,有人撿到水壺嘛,嶺東科大,ltu
234930587,LCCI考試 的題目？？,嶺東科大,ltu
234930271,永春東路61巷怎麼了,嶺東科大,ltu
234930261,畢業專題-問卷調查,嶺東科大,ltu
234929449,軟體,嶺東科大,ltu
234927796,《轉租》,嶺東科大,ltu
234926581,徵美髮模特兒,嶺東科大,ltu
234924231,大學城尖叫,嶺東科大,ltu
234923918,誰的鑰匙,嶺東科大,ltu
234923554,請問烘焙社的社課內容與社課時間時間？,嶺東科大,ltu
234921240,4F女宿總有人愛踩到自己的屎再去淋浴間洗鞋？已經不是第一次了！,嶺東科大,ltu
234920312,#轉發 #問 流設系請進,嶺東科大,ltu
234919380,轉租~！,嶺東科大,ltu
234918330,麻將3-1 50/20,嶺東科大,ltu
234917808,InDesige練習教室,嶺東科大,ltu
234916374,尋找外套,嶺東科大,ltu
234915940,夜校,嶺東科大,ltu
234914944,轉夜校基本上都轉的進嗎？,嶺東科大,ltu
234913920,關於夜校,嶺東科大,ltu
234913535,同學 學生證掉嘍,嶺東科大,ltu
234913449,"拜託大家重新幫我填寫問卷
拜託拜託",嶺東科大,ltu
234909026,嶺東外面,嶺東科大,ltu
234908314,https://tw.appledaily.com/local/20201202/HQTM2NMSDVACBEMGMIFXSJXSLY/,嶺東科大,ltu
234907794,又車禍了,嶺東科大,ltu
234907455,騎開車勿違規 注意安全ㄟ,嶺東科大,ltu
234906547,錢包遺失快來認領！！！！！,嶺東科大,ltu
234906029,Pokémon Go,嶺東科大,ltu
234905276,嶺東設計月～,嶺東科大,ltu
234905107,機車停車場,嶺東科大,ltu
234902992,證照抵免,嶺東科大,ltu
234902922,準備實習了 嶺東打工機會讓出~,嶺東科大,ltu
234902074,聖誕節快到了 好想要有另一半,嶺東科大,ltu
234900835,學貸撥款,嶺東科大,ltu
234898963,嶺東科技大學進修部藝培社社團活動多肉植物手做療癒時光,嶺東科大,ltu
234896742,無奇不有,嶺東科大,ltu
234896535,拜託各位幫忙填個問卷,嶺東科大,ltu
234894725,不小心闖紅燈被拍了,嶺東科大,ltu
234889316,求推薦租屋！！！！,嶺東科大,ltu
234884930,幫忙填個問卷吧~,嶺東科大,ltu
234884922,求推薦租屋！,嶺東科大,ltu
234880301,宿舍保證金,嶺東科大,ltu
234877453,車鑰匙不見了⋯,嶺東科大,ltu
234876275,嶺東SM250車禍,嶺東科大,ltu
234876096,警察在開單了！,嶺東科大,ltu
234874847,欸抖我想轉租,嶺東科大,ltu
234874349,宿舍是不是一堆神經病？,嶺東科大,ltu
234874199,急徵！明日模特兒！,嶺東科大,ltu
234872314,演唱會藝人,嶺東科大,ltu
234871251,誰的安全帽？,嶺東科大,ltu
234871019,請問有人拿到註冊費跟書籍費了嗎,嶺東科大,ltu
234870100,有人把皮鞋丟在後門關東煮店嗎,嶺東科大,ltu
