234974553,æˆŒç¥ã‚³ãƒ­ãƒåœ¨éº¥å¡Šè£¡,VTuber,vtuber,2020-12-13T12:58:16.449Z,0
234974360,å‹¤å¥®çš„å¤§å°å§,VTuber,vtuber,2020-12-13T12:21:06.408Z,3
234974287,Walfie,VTuber,vtuber,2020-12-13T12:09:26.925Z,0
234973806,è¯é¯Šå…¬ç´„-é«’è©±ç¯‡,VTuber,vtuber,2020-12-13T10:37:42.229Z,2
234972849,Pakora çµ‚æ–¼è¦è·Ÿå®¶äººæ”¤ç‰Œäº†ï¼å°±åœ¨ä»Šæ™š,VTuber,vtuber,2020-12-13T07:17:11.628Z,6
234971615,Pekoraçš„ç¾è¡“ä½œå“,VTuber,vtuber,2020-12-13T01:46:34.526Z,4
234971407,å°Vä¸­ä¹‹äººæ‹›å‹Ÿ,VTuber,vtuber,2020-12-12T22:49:47.230Z,4
234971173,é‚„æ•¢DDå•Š,VTuber,vtuber,2020-12-12T19:30:18.014Z,9
234969501,"ä¸æ„§æ˜¯pekora,å”±æ­Œéƒ½å”±éŒ¯ğŸ¤£",VTuber,vtuber,2020-12-12T14:13:13.243Z,6
234969485,é¯Šé¯Šå¿«é€ƒå•Š,VTuber,vtuber,2020-12-12T14:10:15.137Z,2
234969212,ç¥ç‹kana,VTuber,vtuber,2020-12-12T15:23:23.614Z,5
234968693,Mikoçš„è²éŸ³ä¹Ÿå¤ªå¥½è½äº†å§,VTuber,vtuber,2020-12-12T11:47:12.800Z,4
234968149,å¹³å¤©ä¸‹ VS èšäººå¿ƒ,VTuber,vtuber,2020-12-12T09:43:33.673Z,7
234967841,HoloENçš„1.5æœŸç”Ÿ,VTuber,vtuber,2020-12-12T08:37:10.900Z,3
234967586,åŠèˆ‡ç›¾(æ¿),VTuber,vtuber,2020-12-12T07:41:32.237Z,5
234967464,Hololive EN ç§‹å­£æœè£,VTuber,vtuber,2020-12-12T07:28:14.802Z,8
234967127,éœ²è¥¿äºçš„æ­æ´¾æ»‘é¼ å¢Š,VTuber,vtuber,2020-12-12T06:08:34.841Z,6
234966862,é‚£å€‹ç›´ç¬›èƒ½æ‰‹,VTuber,vtuber,2020-12-12T05:12:28.855Z,5
234966247,ä¸€èˆ¬å°ç‹—ç™¼æƒ…çš„å¤è‰²ç¥­,VTuber,vtuber,2020-12-12T02:33:55.235Z,5
234965388,çƒ¤è‚‰manç‡Ÿåˆ©å•é¡Œ,VTuber,vtuber,2020-12-11T18:38:48.487Z,12
234964635,æ€éº¼æœ‰DDè·‘éŒ¯åœ°æ–¹å•¦XDDDD,VTuber,vtuber,2020-12-11T16:19:46.596Z,5
234963431,ä¹åå¨±ä¹æ–°å¥³å›¢A-SOUL,VTuber,vtuber,2020-12-11T13:25:33.234Z,2
234962357,å‰›å‡ºé“ä¸€å€‹æœˆçš„è‡ºç£ç”·Vtuber,VTuber,vtuber,2020-12-11T10:22:50.861Z,10
234961671,å…”å¯¶,VTuber,vtuber,2020-12-11T08:15:04.898Z,5
234961652,Hololiveå®‡å®™æ˜¯çœŸçš„!!!,VTuber,vtuber,2020-12-11T13:56:42.579Z,3
234959119,é˜¿å¤¸å°æ–¼Yagooç”Ÿæ—¥çš„...ç¥ç¦!?,VTuber,vtuber,2020-12-10T19:34:51.965Z,1
234959083,ãºã“ã‚‰æƒ³ç¡è¦ºçš„è¶…å¯æ„›è²éŸ³,VTuber,vtuber,2020-12-10T19:17:26.616Z,5
234958960,å±,VTuber,vtuber,2020-12-10T18:35:48.570Z,10
234958293,ä¸€é–‹é ­å°±æ’’ç‹—ç³§çš„é¯Šé¯Š,VTuber,vtuber,2020-12-10T16:48:28.195Z,2
234958090,çŸ¥åVtuber kiaraè¢«Banæ‰å¾Œ YouTubeç¸½éƒ¨ç›£è¦–å™¨ç•«é¢æ›å…‰,VTuber,vtuber,2020-12-10T17:08:32.915Z,8
234954877,é£†è»Šçš„æ¾é¼ ,VTuber,vtuber,2020-12-10T11:27:28.567Z,24
234954568,å¯æ„›çš„å¤§ç™½ç…,VTuber,vtuber,2020-12-10T09:14:18.198Z,5
234954515,ä»Šå¤©æ˜¯The best girl Yagooçš„ç”Ÿæ—¥,VTuber,vtuber,2020-12-10T07:35:04.771Z,7
234954477,èåŒ–äº†.... æœ‰å¤ å¯æ„›,VTuber,vtuber,2020-12-10T07:27:48.622Z,6
234953458,é£Ÿã¹ãªã„ã§ãã ã•ã„ï¼,VTuber,vtuber,2020-12-10T04:30:19.956Z,1
234952472,Tedæ˜¯èª°,VTuber,vtuber,2020-12-10T00:14:45.812Z,1
234949158,ç«é›é »é“è¢«ban?!?!,VTuber,vtuber,2020-12-09T11:22:22.429Z,6
234948636,æ¨ä¸€ä¸‹å’ªåš•æ˜¨å¤©çš„ minecraft,VTuber,vtuber,2020-12-09T09:54:45.610Z,2
234948512,Kiaraçš„Minecraftå¤§å†’éšª,VTuber,vtuber,2020-12-09T10:23:04.707Z,9
234947608,2434ä¸‰é¦¬é¹¿ğŸ‘‘âš–ï¸ğŸ¶,VTuber,vtuber,2020-12-09T06:58:23.337Z,2
234947199,é˜¿èŒæŠ–~é˜¿èŒæŠ–~,VTuber,vtuber,2020-12-09T05:41:52.831Z,7
234944812,Poor inağŸ˜¢,VTuber,vtuber,2020-12-08T16:28:08.364Z,17
234944596,Pekora åœ°é¢ç¹ªæœˆå…”ä¸­,VTuber,vtuber,2020-12-08T15:58:17.679Z,1
234944182,è®Šæˆvtè±šçš„é–‹å§‹->hololive,VTuber,vtuber,2020-12-09T08:43:53.379Z,7
234943667,å±±ç¾Šå§Šå§Šçš„åª½åª½ é£¯ç”°ã½ã¡ ä¹Ÿæ˜¯ VTuber !,VTuber,vtuber,2020-12-08T13:53:31.810Z,4
234943375,æ­å–œMikoä¸ƒåè¬è¨‚é–±é”æˆ,VTuber,vtuber,2020-12-08T13:13:24.919Z,7
234942918,ç‹‚å«ç†Šè²“äºº,VTuber,vtuber,2020-12-08T11:59:41.620Z,2
234942687,æœˆå…”è²¼è²¼,VTuber,vtuber,2020-12-08T11:22:33.780Z,9
234942295,æ…¶ç¥é–‹æ¿ï¼Œé †ä¾¿å®£å‚³å¯æ„›çš„Anya,VTuber,vtuber,2020-12-08T10:18:20.941Z,7
234941697,IOFIç²‰é€²ä¾†,VTuber,vtuber,2020-12-08T10:24:41.137Z,9
234941660,é–‹ç‰ˆæ­¡æ…¶,VTuber,vtuber,2020-12-09T08:44:37.117Z,35
